1,JAMES,SMITH,JAMES.SMITH@oit.edu,PassWord1,0
2,JOHN,JOHNSON,JOHN.JOHNSON@oit.edu,PassWord2,1
3,ROBERT,WILLIAMS,ROBERT.WILLIAMS@oit.edu,PassWord3,10
4,MICHAEL,BROWN,MICHAEL.BROWN@oit.edu,PassWord4,11
5,WILLIAM,JONES,WILLIAM.JONES@oit.edu,PassWord5,100
6,DAVID,MILLER,DAVID.MILLER@oit.edu,PassWord6,101
7,RICHARD,DAVIS,RICHARD.DAVIS@oit.edu,PassWord7,110
8,CHARLES,GARCIA,CHARLES.GARCIA@oit.edu,PassWord8,111
9,JOSEPH,RODRIGUEZ,JOSEPH.RODRIGUEZ@oit.edu,PassWord9,0
10,THOMAS,WILSON,THOMAS.WILSON@oit.edu,PassWord10,1
11,CHRISTOPHER,MARTINEZ,CHRISTOPHER.MARTINEZ@oit.edu,PassWord11,10
12,DANIEL,ANDERSON,DANIEL.ANDERSON@oit.edu,PassWord12,11
13,PAUL,TAYLOR,PAUL.TAYLOR@oit.edu,PassWord13,100
14,MARK,THOMAS,MARK.THOMAS@oit.edu,PassWord14,101
15,DONALD,HERNANDEZ,DONALD.HERNANDEZ@oit.edu,PassWord15,110
16,GEORGE,MOORE,GEORGE.MOORE@oit.edu,PassWord16,111
17,KENNETH,MARTIN,KENNETH.MARTIN@oit.edu,PassWord17,0
18,STEVEN,JACKSON,STEVEN.JACKSON@oit.edu,PassWord18,1
19,EDWARD,THOMPSON,EDWARD.THOMPSON@oit.edu,PassWord19,10
20,BRIAN,WHITE,BRIAN.WHITE@oit.edu,PassWord20,11
21,RONALD,LOPEZ,RONALD.LOPEZ@oit.edu,PassWord21,100
22,ANTHONY,LEE,ANTHONY.LEE@oit.edu,PassWord22,101
23,KEVIN,GONZALEZ,KEVIN.GONZALEZ@oit.edu,PassWord23,110
24,JASON,HARRIS,JASON.HARRIS@oit.edu,PassWord24,111
25,MATTHEW,CLARK,MATTHEW.CLARK@oit.edu,PassWord25,0
26,GARY,LEWIS,GARY.LEWIS@oit.edu,PassWord26,1
27,TIMOTHY,ROBINSON,TIMOTHY.ROBINSON@oit.edu,PassWord27,10
28,JOSE,WALKER,JOSE.WALKER@oit.edu,PassWord28,11
29,LARRY,PEREZ,LARRY.PEREZ@oit.edu,PassWord29,100
30,JEFFREY,HALL,JEFFREY.HALL@oit.edu,PassWord30,101
31,FRANK,YOUNG,FRANK.YOUNG@oit.edu,PassWord31,110
32,SCOTT,ALLEN,SCOTT.ALLEN@oit.edu,PassWord32,111
33,ERIC,SANCHEZ,ERIC.SANCHEZ@oit.edu,PassWord33,0
34,STEPHEN,WRIGHT,STEPHEN.WRIGHT@oit.edu,PassWord34,1
35,ANDREW,KING,ANDREW.KING@oit.edu,PassWord35,10
36,RAYMOND,SCOTT,RAYMOND.SCOTT@oit.edu,PassWord36,11
37,GREGORY,GREEN,GREGORY.GREEN@oit.edu,PassWord37,100
38,JOSHUA,BAKER,JOSHUA.BAKER@oit.edu,PassWord38,101
39,JERRY,ADAMS,JERRY.ADAMS@oit.edu,PassWord39,110
40,DENNIS,NELSON,DENNIS.NELSON@oit.edu,PassWord40,111
41,WALTER,HILL,WALTER.HILL@oit.edu,PassWord41,0
42,PATRICK,RAMIREZ,PATRICK.RAMIREZ@oit.edu,PassWord42,1
43,PETER,CAMPBELL,PETER.CAMPBELL@oit.edu,PassWord43,10
44,HAROLD,MITCHELL,HAROLD.MITCHELL@oit.edu,PassWord44,11
45,DOUGLAS,ROBERTS,DOUGLAS.ROBERTS@oit.edu,PassWord45,100
46,HENRY,CARTER,HENRY.CARTER@oit.edu,PassWord46,101
47,CARL,PHILLIPS,CARL.PHILLIPS@oit.edu,PassWord47,110
48,ARTHUR,EVANS,ARTHUR.EVANS@oit.edu,PassWord48,111
49,RYAN,TURNER,RYAN.TURNER@oit.edu,PassWord49,0
50,ROGER,TORRES,ROGER.TORRES@oit.edu,PassWord50,1
51,JOE,PARKER,JOE.PARKER@oit.edu,PassWord51,10
52,JUAN,COLLINS,JUAN.COLLINS@oit.edu,PassWord52,11
53,JACK,EDWARDS,JACK.EDWARDS@oit.edu,PassWord53,100
54,ALBERT,STEWART,ALBERT.STEWART@oit.edu,PassWord54,101
55,JONATHAN,FLORES,JONATHAN.FLORES@oit.edu,PassWord55,110
56,JUSTIN,MORRIS,JUSTIN.MORRIS@oit.edu,PassWord56,111
57,TERRY,NGUYEN,TERRY.NGUYEN@oit.edu,PassWord57,0
58,GERALD,MURPHY,GERALD.MURPHY@oit.edu,PassWord58,1
59,KEITH,RIVERA,KEITH.RIVERA@oit.edu,PassWord59,10
60,SAMUEL,COOK,SAMUEL.COOK@oit.edu,PassWord60,11
61,WILLIE,ROGERS,WILLIE.ROGERS@oit.edu,PassWord61,100
62,RALPH,MORGAN,RALPH.MORGAN@oit.edu,PassWord62,101
63,LAWRENCE,PETERSON,LAWRENCE.PETERSON@oit.edu,PassWord63,110
64,NICHOLAS,COOPER,NICHOLAS.COOPER@oit.edu,PassWord64,111
65,ROY,REED,ROY.REED@oit.edu,PassWord65,0
66,BENJAMIN,BAILEY,BENJAMIN.BAILEY@oit.edu,PassWord66,1
67,BRUCE,BELL,BRUCE.BELL@oit.edu,PassWord67,10
68,BRANDON,GOMEZ,BRANDON.GOMEZ@oit.edu,PassWord68,11
69,ADAM,KELLY,ADAM.KELLY@oit.edu,PassWord69,100
70,HARRY,HOWARD,HARRY.HOWARD@oit.edu,PassWord70,101
71,FRED,WARD,FRED.WARD@oit.edu,PassWord71,110
72,WAYNE,COX,WAYNE.COX@oit.edu,PassWord72,111
73,BILLY,DIAZ,BILLY.DIAZ@oit.edu,PassWord73,0
74,STEVE,RICHARDSON,STEVE.RICHARDSON@oit.edu,PassWord74,1
75,LOUIS,WOOD,LOUIS.WOOD@oit.edu,PassWord75,10
76,MARY,WATSON,MARY.WATSON@oit.edu,PassWord76,11
77,PATRICIA,BROOKS,PATRICIA.BROOKS@oit.edu,PassWord77,100
78,LINDA,BENNETT,LINDA.BENNETT@oit.edu,PassWord78,101
79,BARBARA,GRAY,BARBARA.GRAY@oit.edu,PassWord79,110
80,ELIZABETH,JAMES,ELIZABETH.JAMES@oit.edu,PassWord80,111
81,JENNIFER,REYES,JENNIFER.REYES@oit.edu,PassWord81,0
82,MARIA,CRUZ,MARIA.CRUZ@oit.edu,PassWord82,1
83,SUSAN,HUGHES,SUSAN.HUGHES@oit.edu,PassWord83,10
84,MARGARET,PRICE,MARGARET.PRICE@oit.edu,PassWord84,11
85,DOROTHY,MYERS,DOROTHY.MYERS@oit.edu,PassWord85,100
86,LISA,LONG,LISA.LONG@oit.edu,PassWord86,101
87,NANCY,FOSTER,NANCY.FOSTER@oit.edu,PassWord87,110
88,KAREN,SANDERS,KAREN.SANDERS@oit.edu,PassWord88,111
89,BETTY,ROSS,BETTY.ROSS@oit.edu,PassWord89,0
90,HELEN,MORALES,HELEN.MORALES@oit.edu,PassWord90,1
91,SANDRA,POWELL,SANDRA.POWELL@oit.edu,PassWord91,10
92,DONNA,SULLIVAN,DONNA.SULLIVAN@oit.edu,PassWord92,11
93,CAROL,RUSSELL,CAROL.RUSSELL@oit.edu,PassWord93,100
94,RUTH,ORTIZ,RUTH.ORTIZ@oit.edu,PassWord94,101
95,SHARON,JENKINS,SHARON.JENKINS@oit.edu,PassWord95,110
96,MICHELLE,GUTIERREZ,MICHELLE.GUTIERREZ@oit.edu,PassWord96,111
97,LAURA,PERRY,LAURA.PERRY@oit.edu,PassWord97,0
98,SARAH,BUTLER,SARAH.BUTLER@oit.edu,PassWord98,1
99,KIMBERLY,BARNES,KIMBERLY.BARNES@oit.edu,PassWord99,10
100,DEBORAH,FISHER,DEBORAH.FISHER@oit.edu,PassWord100,11
101,JESSICA,HENDERSON,JESSICA.HENDERSON@oit.edu,PassWord101,100
102,SHIRLEY,COLEMAN,SHIRLEY.COLEMAN@oit.edu,PassWord102,101
103,CYNTHIA,SIMMONS,CYNTHIA.SIMMONS@oit.edu,PassWord103,110
104,ANGELA,PATTERSON,ANGELA.PATTERSON@oit.edu,PassWord104,111
105,MELISSA,JORDAN,MELISSA.JORDAN@oit.edu,PassWord105,0
106,BRENDA,REYNOLDS,BRENDA.REYNOLDS@oit.edu,PassWord106,1
107,AMY,HAMILTON,AMY.HAMILTON@oit.edu,PassWord107,10
108,ANNA,GRAHAM,ANNA.GRAHAM@oit.edu,PassWord108,11
109,REBECCA,KIM,REBECCA.KIM@oit.edu,PassWord109,100
110,VIRGINIA,GONZALES,VIRGINIA.GONZALES@oit.edu,PassWord110,101
111,KATHLEEN,ALEXANDER,KATHLEEN.ALEXANDER@oit.edu,PassWord111,110
112,PAMELA,RAMOS,PAMELA.RAMOS@oit.edu,PassWord112,111
113,MARTHA,WALLACE,MARTHA.WALLACE@oit.edu,PassWord113,0
114,DEBRA,GRIFFIN,DEBRA.GRIFFIN@oit.edu,PassWord114,1
115,AMANDA,WEST,AMANDA.WEST@oit.edu,PassWord115,10
116,STEPHANIE,COLE,STEPHANIE.COLE@oit.edu,PassWord116,11
117,CAROLYN,HAYES,CAROLYN.HAYES@oit.edu,PassWord117,100
118,CHRISTINE,CHAVEZ,CHRISTINE.CHAVEZ@oit.edu,PassWord118,101
119,MARIE,GIBSON,MARIE.GIBSON@oit.edu,PassWord119,110
120,JANET,BRYANT,JANET.BRYANT@oit.edu,PassWord120,111
121,CATHERINE,ELLIS,CATHERINE.ELLIS@oit.edu,PassWord121,0
122,FRANCES,STEVENS,FRANCES.STEVENS@oit.edu,PassWord122,1
123,ANN,MURRAY,ANN.MURRAY@oit.edu,PassWord123,10
124,JOYCE,FORD,JOYCE.FORD@oit.edu,PassWord124,11
125,DIANE,MARSHALL,DIANE.MARSHALL@oit.edu,PassWord125,100
126,ALICE,OWENS,ALICE.OWENS@oit.edu,PassWord126,101
127,JULIE,MCDONALD,JULIE.MCDONALD@oit.edu,PassWord127,110
128,HEATHER,HARRISON,HEATHER.HARRISON@oit.edu,PassWord128,111
129,TERESA,RUIZ,TERESA.RUIZ@oit.edu,PassWord129,0
130,DORIS,KENNEDY,DORIS.KENNEDY@oit.edu,PassWord130,1
131,GLORIA,WELLS,GLORIA.WELLS@oit.edu,PassWord131,10
132,EVELYN,ALVAREZ,EVELYN.ALVAREZ@oit.edu,PassWord132,11
133,JEAN,WOODS,JEAN.WOODS@oit.edu,PassWord133,100
134,CHERYL,MENDOZA,CHERYL.MENDOZA@oit.edu,PassWord134,101
135,MILDRED,CASTILLO,MILDRED.CASTILLO@oit.edu,PassWord135,110
136,KATHERINE,OLSON,KATHERINE.OLSON@oit.edu,PassWord136,111
137,JOAN,WEBB,JOAN.WEBB@oit.edu,PassWord137,0
138,ASHLEY,WASHINGTON,ASHLEY.WASHINGTON@oit.edu,PassWord138,1
139,JUDITH,TUCKER,JUDITH.TUCKER@oit.edu,PassWord139,10
140,ROSE,FREEMAN,ROSE.FREEMAN@oit.edu,PassWord140,11
141,JANICE,BURNS,JANICE.BURNS@oit.edu,PassWord141,100
142,KELLY,HENRY,KELLY.HENRY@oit.edu,PassWord142,101
143,NICOLE,VASQUEZ,NICOLE.VASQUEZ@oit.edu,PassWord143,110
144,JUDY,SNYDER,JUDY.SNYDER@oit.edu,PassWord144,111
145,CHRISTINA,SIMPSON,CHRISTINA.SIMPSON@oit.edu,PassWord145,0
146,KATHY,CRAWFORD,KATHY.CRAWFORD@oit.edu,PassWord146,1
147,THERESA,JIMENEZ,THERESA.JIMENEZ@oit.edu,PassWord147,10
148,BEVERLY,PORTER,BEVERLY.PORTER@oit.edu,PassWord148,11
149,DENISE,MASON,DENISE.MASON@oit.edu,PassWord149,100
150,TAMMY,SHAW,TAMMY.SHAW@oit.edu,PassWord150,101
